117.90.0.124,9000,HTTP,中国 江苏省 镇江市 电信,1秒,2017-03-06 07:38:48
117.175.183.10,1818,HTTP,中国 四川省 成都市 移动,3秒,2017-03-06 06:38:54
121.232.147.176,9000,HTTP,中国 江苏省 镇江市 电信,3秒,2017-03-06 05:38:41
121.232.147.166,9000,HTTP,中国 江苏省 镇江市 电信,1秒,2017-03-06 04:38:30
121.232.144.44,9000,HTTP,中国 江苏省 镇江市 电信,2秒,2017-03-06 03:38:33
113.123.216.106,8998,HTTP,中国 山东省 枣庄市 电信,2秒,2017-03-06 02:38:44
117.175.183.10,8998,HTTP,中国 四川省 成都市 移动,0.8秒,2017-03-06 01:38:51
121.232.145.219,9000,HTTP,中国 江苏省 镇江市 电信,3秒,2017-03-06 00:38:41
125.124.137.183,3128,HTTP,中国 浙江省 嘉兴市 电信,3秒,2017-03-05 23:38:46
171.38.181.79,8123,HTTP,广西壮族自治区钦州市  联通,1秒,2017-03-05 22:38:39
117.175.183.10,4860,HTTP,中国 四川省 成都市 移动,1秒,2017-03-05 21:38:49
118.181.162.31,8998,HTTP,中国 甘肃省 兰州市 电信,1秒,2017-03-05 20:38:45
117.175.183.10,8000,HTTP,中国 四川省 成都市 移动,3秒,2017-03-05 19:38:48
36.47.196.145,8998,HTTP,中国 陕西省 西安市 电信,1.0秒,2017-03-05 18:38:34
117.90.5.10,9000,HTTP,中国 江苏省 镇江市 电信,2秒,2017-03-05 17:38:47
117.90.1.34,9000,HTTP,中国 江苏省 镇江市 电信,2秒,2017-03-05 16:38:44
117.90.6.134,9000,HTTP,中国 江苏省 镇江市 电信,1秒,2017-03-05 15:38:42
125.123.76.134,8998,HTTP,中国 浙江省 嘉兴市 电信,2秒,2017-03-05 14:38:46
125.67.75.53,9000,HTTP,中国 四川省 遂宁市 电信,3秒,2017-03-05 13:38:37
115.28.169.160,8118,HTTP,中国 山东省 青岛市 阿里云,3秒,2017-03-05 12:38:34
117.90.1.35,9000,HTTP,中国 江苏省 镇江市 电信,0.9秒,2017-03-05 11:38:40
111.72.126.161,808,HTTP,中国 江西省 吉安市 电信,秒,2017-03-05 10:38:36
121.232.148.94,9000,HTTP,中国 江苏省 镇江市 电信,2秒,2017-03-05 09:38:42
117.90.7.106,9000,HTTP,中国 江苏省 镇江市 电信,3秒,2017-03-05 08:38:42
121.232.145.242,9000,HTTP,中国 江苏省 镇江市 电信,1秒,2017-03-05 07:38:39
117.90.6.244,9000,HTTP,中国 江苏省 镇江市 电信,1秒,2017-03-05 06:38:27
117.90.0.26,9000,HTTP,中国 江苏省 镇江市 电信,2秒,2017-03-05 05:38:40
117.90.0.145,9000,HTTP,中国 江苏省 镇江市 电信,3秒,2017-03-05 04:38:35
123.168.130.215,808,HTTP,中国 山东省 济宁市 电信,3秒,2017-03-05 03:38:39
121.232.147.109,9000,HTTP,中国 江苏省 镇江市 电信,2秒,2017-03-05 02:38:31
121.232.147.19,9000,HTTP,中国 江苏省 镇江市 电信,3秒,2017-03-05 01:38:39
117.90.1.146,9000,HTTP,中国 江苏省 镇江市 电信,1秒,2017-03-05 00:38:38
117.90.4.133,9000,HTTP,中国 江苏省 镇江市 电信,2秒,2017-03-04 23:38:27
58.48.163.38,8998,HTTP,中国 湖北省 武汉市 电信,2秒,2017-03-04 22:38:27
115.46.99.207,8123,HTTP,中国 广西壮族自治区 北海市 联通,3秒,2017-03-04 21:38:34
115.237.214.31,8998,HTTP,中国 浙江省 绍兴市 电信,1秒,2017-03-04 20:38:19
27.224.94.74,8998,HTTP,中国 甘肃省 临夏回族自治州 电信,1秒,2017-03-04 19:38:33
121.228.42.147,8998,HTTP,中国 江苏省 苏州市 电信,1秒,2017-03-04 18:38:31
121.232.144.250,9000,HTTP,中国 江苏省 镇江市 电信,3秒,2017-03-04 17:38:26
36.56.234.142,8998,HTTP,中国 安徽省 六安市 电信,1秒,2017-03-04 16:38:27
117.90.0.255,9000,HTTP,中国 江苏省 镇江市 电信,3秒,2017-03-04 15:38:17
117.90.5.134,9000,HTTP,中国 江苏省 镇江市 电信,1秒,2017-03-04 14:38:34
114.232.243.55,8998,HTTP,中国 江苏省 南通市 电信,1秒,2017-03-04 13:38:24
218.3.198.100,8998,HTTP,中国 江苏省 徐州市 电信,2秒,2017-03-04 12:38:31
112.95.19.233,8118,HTTP,中国 广东省 深圳市 联通,2秒,2017-03-04 11:38:30
